"ID","age","sex","smoking_cat","pack_years"
"ID1",68.35068493,1,1,2.37954613413017
"ID2",70.47671233,2,2,3.71357206670431
"ID3",70.7260274,2,1,0.8754687373539
"ID4",68.74246575,2,1,3.52636052461616
"ID5",69.36438356,2,2,3.4904285153901
"ID6",69.71780822,2,0,0
"ID7",70.83013699,2,0,0
"ID8",69.8,2,1,0.916290731874155
"ID9",70.74520548,2,0,0
"ID10",69.89041096,2,0,0
